<?xml version="1.0" encoding="UTF-8"?>
<project-private xmlns="http://www.netbeans.org/ns/project-private/1">
    <editor-bookmarks xmlns="http://www.netbeans.org/ns/editor-bookmarks/2" lastBookmarkId="0"/>
    <open-files xmlns="http://www.netbeans.org/ns/projectui-open-files/2">
        <group>
            <file>file:/C:/Users/Dell/Documents/NetBeansProjects/AutomobileDelar/src/automobiledelar/LoginForm.java</file>
            <file>file:/C:/Users/Dell/Documents/NetBeansProjects/AutomobileDelar/src/automobiledelar/vehicalpurchase.java</file>
            <file>file:/C:/Users/Dell/Documents/NetBeansProjects/AutomobileDelar/src/automobiledelar/MainScreen.java</file>
            <file>file:/C:/Users/Dell/Documents/NetBeansProjects/AutomobileDelar/src/automobiledelar/SpearpartsellBill.java</file>
            <file>file:/C:/Users/Dell/Documents/NetBeansProjects/AutomobileDelar/src/automobiledelar/ServiceInvoice.java</file>
            <file>file:/C:/Users/Dell/Documents/NetBeansProjects/AutomobileDelar/src/automobiledelar/MessageSender.java</file>
            <file>file:/C:/Users/Dell/Documents/NetBeansProjects/AutomobileDelar/src/automobiledelar/SpearpartPurchase.java</file>
            <file>file:/C:/Users/Dell/Documents/NetBeansProjects/AutomobileDelar/src/automobiledelar/Pictures.java</file>
            <file>file:/C:/Users/Dell/Documents/NetBeansProjects/AutomobileDelar/src/automobiledelar/Attendance.java</file>
            <file>file:/C:/Users/Dell/Documents/NetBeansProjects/AutomobileDelar/src/automobiledelar/AddCustomer.java</file>
            <file>file:/C:/Users/Dell/Documents/NetBeansProjects/AutomobileDelar/src/automobiledelar/SecondHandVehicleBill.java</file>
        </group>
    </open-files>
</project-private>
